{
  "object": "list",
  "data": [
    {
      "id": "ch_3RTmwlH1lINcoHaa0nW3eVWo",
      "object": "charge",
      "amount": 1200,
      "amount_captured": 1200,
      "amount_refunded": 0,
      "application": null,
      "application_fee": null,
      "application_fee_amount": null,
      "balance_transaction": "txn_3RTmwlH1lINcoHaa0Jd1ysat",
      "billing_details": {
        "address": {
          "city": null,
          "country": null,
          "line1": null,
          "line2": null,
          "postal_code": null,
          "state": null
        },
        "email": null,
        "name": null,
        "phone": null,
        "tax_id": null
      },
      "calculated_statement_descriptor": "Stripe",
      "captured": true,
      "created": 1748450120,
      "currency": "eur",
      "customer": "cus_SOa6bpMu879kKO",
      "description": "Subscription creation",
      "destination": null,
      "dispute": null,
      "disputed": false,
      "failure_balance_transaction": null,
      "failure_code": null,
      "failure_message": null,
      "fraud_details": {},
      "livemode": false,
      "metadata": {},
      "on_behalf_of": null,
      "order": null,
      "outcome": {
        "advice_code": null,
        "network_advice_code": null,
        "network_decline_code": null,
        "network_status": "approved_by_network",
        "reason": null,
        "risk_level": "normal",
        "risk_score": 30,
        "seller_message": "Payment complete.",
        "type": "authorized"
      },
      "paid": true,
      "payment_intent": {
        "id": "pi_3RTmwlH1lINcoHaa0Bu718h5",
        "object": "payment_intent",
        "amount": 1200,
        "amount_capturable": 0,
        "amount_details": {
          "tip": {}
        },
        "amount_received": 1200,
        "application": null,
        "application_fee_amount": null,
        "automatic_payment_methods": null,
        "canceled_at": null,
        "cancellation_reason": null,
        "capture_method": "automatic",
        "client_secret": "pi_3RTmwlH1lINcoHaa0Bu718h5_secret_0OO7UnRHitoiYFEJbpXLiSUSe",
        "confirmation_method": "automatic",
        "created": 1748450119,
        "currency": "eur",
        "customer": "cus_SOa6bpMu879kKO",
        "description": "Subscription creation",
        "last_payment_error": null,
        "latest_charge": "ch_3RTmwlH1lINcoHaa0nW3eVWo",
        "livemode": false,
        "metadata": {},
        "next_action": null,
        "on_behalf_of": null,
        "payment_method": "pm_1RTmwjH1lINcoHaarIH6YWEf",
        "payment_method_configuration_details": null,
        "payment_method_options": {
          "card": {
            "installments": null,
            "mandate_options": null,
            "network": null,
            "request_three_d_secure": "automatic"
          },
          "link": {
            "persistent_token": null
          }
        },
        "payment_method_types": [
          "card",
          "link"
        ],
        "processing": null,
        "receipt_email": null,
        "review": null,
        "setup_future_usage": "off_session",
        "shipping": null,
        "source": null,
        "statement_descriptor": null,
        "statement_descriptor_suffix": null,
        "status": "succeeded",
        "transfer_data": null,
        "transfer_group": null
      },
      "payment_method": "pm_1RTmwjH1lINcoHaarIH6YWEf",
      "payment_method_details": {
        "card": {
          "amount_authorized": 1200,
          "authorization_code": null,
          "brand": "visa",
          "checks": {
            "address_line1_check": null,
            "address_postal_code_check": null,
            "cvc_check": "pass"
          },
          "country": "US",
          "exp_month": 5,
          "exp_year": 2026,
          "extended_authorization": {
            "status": "disabled"
          },
          "fingerprint": "w4fNTVifpD1bfYnV",
          "funding": "credit",
          "incremental_authorization": {
            "status": "unavailable"
          },
          "installments": null,
          "last4": "4242",
          "mandate": null,
          "multicapture": {
            "status": "unavailable"
          },
          "network": "visa",
          "network_token": {
            "used": false
          },
          "network_transaction_id": "119521027884861",
          "overcapture": {
            "maximum_amount_capturable": 1200,
            "status": "unavailable"
          },
          "regulated_status": "unregulated",
          "three_d_secure": null,
          "wallet": null
        },
        "type": "card"
      },
      "radar_options": {},
      "receipt_email": null,
      "receipt_number": null,
      "receipt_url": "https://pay.stripe.com/receipts/invoices/CAcaFwoVYWNjdF8xUlRtZmVIMWxJTmNvSGFhKLG_3cEGMgaGYTePjJs6LBZeUZrr55pG9BHN3LGIkCEIVHQ5rZ9ht1IsTQqVV2fY-3hBYSmQfmuCIGxL?s=ap",
      "refunded": false,
      "review": null,
      "shipping": null,
      "source": null,
      "source_transfer": null,
      "statement_descriptor": null,
      "statement_descriptor_suffix": null,
      "status": "succeeded",
      "transfer_data": null,
      "transfer_group": null
    },
    {
      "id": "ch_3RTmwgH1lINcoHaa1vgROEGa",
      "object": "charge",
      "amount": 800,
      "amount_captured": 800,
      "amount_refunded": 0,
      "application": null,
      "application_fee": null,
      "application_fee_amount": null,
      "balance_transaction": "txn_3RTmwgH1lINcoHaa1a2KNF4V",
      "billing_details": {
        "address": {
          "city": null,
          "country": null,
          "line1": null,
          "line2": null,
          "postal_code": null,
          "state": null
        },
        "email": null,
        "name": null,
        "phone": null,
        "tax_id": null
      },
      "calculated_statement_descriptor": "Stripe",
      "captured": true,
      "created": 1748450115,
      "currency": "eur",
      "customer": "cus_SOa6LLDPO9uZGq",
      "description": "Subscription creation",
      "destination": null,
      "dispute": null,
      "disputed": false,
      "failure_balance_transaction": null,
      "failure_code": null,
      "failure_message": null,
      "fraud_details": {},
      "livemode": false,
      "metadata": {},
      "on_behalf_of": null,
      "order": null,
      "outcome": {
        "advice_code": null,
        "network_advice_code": null,
        "network_decline_code": null,
        "network_status": "approved_by_network",
        "reason": null,
        "risk_level": "normal",
        "risk_score": 9,
        "seller_message": "Payment complete.",
        "type": "authorized"
      },
      "paid": true,
      "payment_intent": {
        "id": "pi_3RTmwgH1lINcoHaa1kdJJ2CX",
        "object": "payment_intent",
        "amount": 800,
        "amount_capturable": 0,
        "amount_details": {
          "tip": {}
        },
        "amount_received": 800,
        "application": null,
        "application_fee_amount": null,
        "automatic_payment_methods": null,
        "canceled_at": null,
        "cancellation_reason": null,
        "capture_method": "automatic",
        "client_secret": "pi_3RTmwgH1lINcoHaa1kdJJ2CX_secret_j0Ubjo3hdS5BDtHw7zy7ncNDY",
        "confirmation_method": "automatic",
        "created": 1748450114,
        "currency": "eur",
        "customer": "cus_SOa6LLDPO9uZGq",
        "description": "Subscription creation",
        "last_payment_error": null,
        "latest_charge": "ch_3RTmwgH1lINcoHaa1vgROEGa",
        "livemode": false,
        "metadata": {},
        "next_action": null,
        "on_behalf_of": null,
        "payment_method": "pm_1RTmweH1lINcoHaahAwxvn5D",
        "payment_method_configuration_details": null,
        "payment_method_options": {
          "card": {
            "installments": null,
            "mandate_options": null,
            "network": null,
            "request_three_d_secure": "automatic"
          },
          "link": {
            "persistent_token": null
          }
        },
        "payment_method_types": [
          "card",
          "link"
        ],
        "processing": null,
        "receipt_email": null,
        "review": null,
        "setup_future_usage": "off_session",
        "shipping": null,
        "source": null,
        "statement_descriptor": null,
        "statement_descriptor_suffix": null,
        "status": "succeeded",
        "transfer_data": null,
        "transfer_group": null
      },
      "payment_method": "pm_1RTmweH1lINcoHaahAwxvn5D",
      "payment_method_details": {
        "card": {
          "amount_authorized": 800,
          "authorization_code": null,
          "brand": "visa",
          "checks": {
            "address_line1_check": null,
            "address_postal_code_check": null,
            "cvc_check": "pass"
          },
          "country": "US",
          "exp_month": 5,
          "exp_year": 2026,
          "extended_authorization": {
            "status": "disabled"
          },
          "fingerprint": "w4fNTVifpD1bfYnV",
          "funding": "credit",
          "incremental_authorization": {
            "status": "unavailable"
          },
          "installments": null,
          "last4": "4242",
          "mandate": null,
          "multicapture": {
            "status": "unavailable"
          },
          "network": "visa",
          "network_token": {
            "used": false
          },
          "network_transaction_id": "119521027884861",
          "overcapture": {
            "maximum_amount_capturable": 800,
            "status": "unavailable"
          },
          "regulated_status": "unregulated",
          "three_d_secure": null,
          "wallet": null
        },
        "type": "card"
      },
      "radar_options": {},
      "receipt_email": null,
      "receipt_number": null,
      "receipt_url": "https://pay.stripe.com/receipts/invoices/CAcaFwoVYWNjdF8xUlRtZmVIMWxJTmNvSGFhKLG_3cEGMgaxp0PzeIA6LBaQR_ZDOaFHhg-rMal1M0jN7U_TsmDGlw5ygn7QGU20YuxXIIP_-pMTMRIe?s=ap",
      "refunded": false,
      "review": null,
      "shipping": null,
      "source": null,
      "source_transfer": null,
      "statement_descriptor": null,
      "statement_descriptor_suffix": null,
      "status": "succeeded",
      "transfer_data": null,
      "transfer_group": null
    },
    {
      "id": "ch_3RTmwcH1lINcoHaa1CCM5Y6G",
      "object": "charge",
      "amount": 1200,
      "amount_captured": 1200,
      "amount_refunded": 0,
      "application": null,
      "application_fee": null,
      "application_fee_amount": null,
      "balance_transaction": "txn_3RTmwcH1lINcoHaa1V3g3IGw",
      "billing_details": {
        "address": {
          "city": null,
          "country": null,
          "line1": null,
          "line2": null,
          "postal_code": null,
          "state": null
        },
        "email": null,
        "name": null,
        "phone": null,
        "tax_id": null
      },
      "calculated_statement_descriptor": "Stripe",
      "captured": true,
      "created": 1748450110,
      "currency": "eur",
      "customer": "cus_SOa6Ahx6rairaP",
      "description": "Subscription creation",
      "destination": null,
      "dispute": null,
      "disputed": false,
      "failure_balance_transaction": null,
      "failure_code": null,
      "failure_message": null,
      "fraud_details": {},
      "livemode": false,
      "metadata": {},
      "on_behalf_of": null,
      "order": null,
      "outcome": {
        "advice_code": null,
        "network_advice_code": null,
        "network_decline_code": null,
        "network_status": "approved_by_network",
        "reason": null,
        "risk_level": "normal",
        "risk_score": 51,
        "seller_message": "Payment complete.",
        "type": "authorized"
      },
      "paid": true,
      "payment_intent": {
        "id": "pi_3RTmwcH1lINcoHaa1arlysKx",
        "object": "payment_intent",
        "amount": 1200,
        "amount_capturable": 0,
        "amount_details": {
          "tip": {}
        },
        "amount_received": 1200,
        "application": null,
        "application_fee_amount": null,
        "automatic_payment_methods": null,
        "canceled_at": null,
        "cancellation_reason": null,
        "capture_method": "automatic",
        "client_secret": "pi_3RTmwcH1lINcoHaa1arlysKx_secret_iCpPWoTvHJw2MVfbRgjo89ly5",
        "confirmation_method": "automatic",
        "created": 1748450110,
        "currency": "eur",
        "customer": "cus_SOa6Ahx6rairaP",
        "description": "Subscription creation",
        "last_payment_error": null,
        "latest_charge": "ch_3RTmwcH1lINcoHaa1CCM5Y6G",
        "livemode": false,
        "metadata": {},
        "next_action": null,
        "on_behalf_of": null,
        "payment_method": "pm_1RTmwaH1lINcoHaarIwpYE8d",
        "payment_method_configuration_details": null,
        "payment_method_options": {
          "card": {
            "installments": null,
            "mandate_options": null,
            "network": null,
            "request_three_d_secure": "automatic"
          },
          "link": {
            "persistent_token": null
          }
        },
        "payment_method_types": [
          "card",
          "link"
        ],
        "processing": null,
        "receipt_email": null,
        "review": null,
        "setup_future_usage": "off_session",
        "shipping": null,
        "source": null,
        "statement_descriptor": null,
        "statement_descriptor_suffix": null,
        "status": "succeeded",
        "transfer_data": null,
        "transfer_group": null
      },
      "payment_method": "pm_1RTmwaH1lINcoHaarIwpYE8d",
      "payment_method_details": {
        "card": {
          "amount_authorized": 1200,
          "authorization_code": null,
          "brand": "visa",
          "checks": {
            "address_line1_check": null,
            "address_postal_code_check": null,
            "cvc_check": "pass"
          },
          "country": "US",
          "exp_month": 5,
          "exp_year": 2026,
          "extended_authorization": {
            "status": "disabled"
          },
          "fingerprint": "w4fNTVifpD1bfYnV",
          "funding": "credit",
          "incremental_authorization": {
            "status": "unavailable"
          },
          "installments": null,
          "last4": "4242",
          "mandate": null,
          "multicapture": {
            "status": "unavailable"
          },
          "network": "visa",
          "network_token": {
            "used": false
          },
          "network_transaction_id": "119521027884861",
          "overcapture": {
            "maximum_amount_capturable": 1200,
            "status": "unavailable"
          },
          "regulated_status": "unregulated",
          "three_d_secure": null,
          "wallet": null
        },
        "type": "card"
      },
      "radar_options": {},
      "receipt_email": null,
      "receipt_number": null,
      "receipt_url": "https://pay.stripe.com/receipts/invoices/CAcaFwoVYWNjdF8xUlRtZmVIMWxJTmNvSGFhKLG_3cEGMgZ_BQiLQA06LBZjU76Uo5W3AkbDnDA2rWAbdrCN7OyCa0WvfUZbBIWrZZB63wD3Z0JyOcb4?s=ap",
      "refunded": false,
      "review": null,
      "shipping": null,
      "source": null,
      "source_transfer": null,
      "statement_descriptor": null,
      "statement_descriptor_suffix": null,
      "status": "succeeded",
      "transfer_data": null,
      "transfer_group": null
    }
  ],
  "has_more": false,
  "url": "/v1/charges"
}