{
  "object": "list",
  "data": [
    {
      "id": "cus_SOa6bpMu879kKO",
      "object": "customer",
      "address": null,
      "balance": 0,
      "created": 1748450105,
      "currency": "eur",
      "default_source": null,
      "delinquent": false,
      "description": null,
      "discount": null,
      "email": "marc@example.com",
      "invoice_prefix": "CRYXAGF7",
      "invoice_settings": {
        "custom_fields": null,
        "default_payment_method": {
          "id": "pm_1RTmwjH1lINcoHaarIH6YWEf",
          "object": "payment_method",
          "allow_redisplay": "unspecified",
          "billing_details": {
            "address": {
              "city": null,
              "country": null,
              "line1": null,
              "line2": null,
              "postal_code": null,
              "state": null
            },
            "email": null,
            "name": null,
            "phone": null,
            "tax_id": null
          },
          "card": {
            "brand": "visa",
            "checks": {
              "address_line1_check": null,
              "address_postal_code_check": null,
              "cvc_check": "pass"
            },
            "country": "US",
            "display_brand": "visa",
            "exp_month": 5,
            "exp_year": 2026,
            "fingerprint": "w4fNTVifpD1bfYnV",
            "funding": "credit",
            "generated_from": null,
            "last4": "4242",
            "networks": {
              "available": [
                "visa"
              ],
              "preferred": null
            },
            "regulated_status": "unregulated",
            "three_d_secure_usage": {
              "supported": true
            },
            "wallet": null
          },
          "created": 1748450117,
          "customer": "cus_SOa6bpMu879kKO",
          "livemode": false,
          "metadata": {},
          "type": "card"
        },
        "footer": null,
        "rendering_options": null
      },
      "livemode": false,
      "metadata": {},
      "name": "Marc Lefevre",
      "phone": null,
      "preferred_locales": [],
      "shipping": null,
      "tax_exempt": "none",
      "test_clock": null
    },
    {
      "id": "cus_SOa6LLDPO9uZGq",
      "object": "customer",
      "address": null,
      "balance": 0,
      "created": 1748450105,
      "currency": "eur",
      "default_source": null,
      "delinquent": false,
      "description": null,
      "discount": null,
      "email": "alice@example.com",
      "invoice_prefix": "S5QJYII0",
      "invoice_settings": {
        "custom_fields": null,
        "default_payment_method": {
          "id": "pm_1RTmweH1lINcoHaahAwxvn5D",
          "object": "payment_method",
          "allow_redisplay": "unspecified",
          "billing_details": {
            "address": {
              "city": null,
              "country": null,
              "line1": null,
              "line2": null,
              "postal_code": null,
              "state": null
            },
            "email": null,
            "name": null,
            "phone": null,
            "tax_id": null
          },
          "card": {
            "brand": "visa",
            "checks": {
              "address_line1_check": null,
              "address_postal_code_check": null,
              "cvc_check": "pass"
            },
            "country": "US",
            "display_brand": "visa",
            "exp_month": 5,
            "exp_year": 2026,
            "fingerprint": "w4fNTVifpD1bfYnV",
            "funding": "credit",
            "generated_from": null,
            "last4": "4242",
            "networks": {
              "available": [
                "visa"
              ],
              "preferred": null
            },
            "regulated_status": "unregulated",
            "three_d_secure_usage": {
              "supported": true
            },
            "wallet": null
          },
          "created": 1748450112,
          "customer": "cus_SOa6LLDPO9uZGq",
          "livemode": false,
          "metadata": {},
          "type": "card"
        },
        "footer": null,
        "rendering_options": null
      },
      "livemode": false,
      "metadata": {},
      "name": "Alice Moreau",
      "phone": null,
      "preferred_locales": [],
      "shipping": null,
      "tax_exempt": "none",
      "test_clock": null
    },
    {
      "id": "cus_SOa6Ahx6rairaP",
      "object": "customer",
      "address": null,
      "balance": 0,
      "created": 1748450104,
      "currency": "eur",
      "default_source": null,
      "delinquent": false,
      "description": null,
      "discount": null,
      "email": "jean@example.com",
      "invoice_prefix": "6CMVGFKG",
      "invoice_settings": {
        "custom_fields": null,
        "default_payment_method": {
          "id": "pm_1RTmwaH1lINcoHaarIwpYE8d",
          "object": "payment_method",
          "allow_redisplay": "unspecified",
          "billing_details": {
            "address": {
              "city": null,
              "country": null,
              "line1": null,
              "line2": null,
              "postal_code": null,
              "state": null
            },
            "email": null,
            "name": null,
            "phone": null,
            "tax_id": null
          },
          "card": {
            "brand": "visa",
            "checks": {
              "address_line1_check": null,
              "address_postal_code_check": null,
              "cvc_check": "pass"
            },
            "country": "US",
            "display_brand": "visa",
            "exp_month": 5,
            "exp_year": 2026,
            "fingerprint": "w4fNTVifpD1bfYnV",
            "funding": "credit",
            "generated_from": null,
            "last4": "4242",
            "networks": {
              "available": [
                "visa"
              ],
              "preferred": null
            },
            "regulated_status": "unregulated",
            "three_d_secure_usage": {
              "supported": true
            },
            "wallet": null
          },
          "created": 1748450108,
          "customer": "cus_SOa6Ahx6rairaP",
          "livemode": false,
          "metadata": {},
          "type": "card"
        },
        "footer": null,
        "rendering_options": null
      },
      "livemode": false,
      "metadata": {},
      "name": "Jean Dupont",
      "phone": null,
      "preferred_locales": [],
      "shipping": null,
      "tax_exempt": "none",
      "test_clock": null
    }
  ],
  "has_more": false,
  "url": "/v1/customers"
}