{
  "object": "list",
  "data": [
    {
      "id": "in_1RTmwlH1lINcoHaahLyXzWlr",
      "object": "invoice",
      "account_country": "FR",
      "account_name": "Arthur_2",
      "account_tax_ids": null,
      "amount_due": 1200,
      "amount_overpaid": 0,
      "amount_paid": 1200,
      "amount_remaining": 0,
      "amount_shipping": 0,
      "application": null,
      "attempt_count": 1,
      "attempted": true,
      "auto_advance": false,
      "automatic_tax": {
        "disabled_reason": null,
        "enabled": false,
        "liability": null,
        "provider": null,
        "status": null
      },
      "automatically_finalizes_at": null,
      "billing_reason": "subscription_create",
      "collection_method": "charge_automatically",
      "created": 1748450119,
      "currency": "eur",
      "custom_fields": null,
      "customer": {
        "id": "cus_SOa6bpMu879kKO",
        "object": "customer",
        "address": null,
        "balance": 0,
        "created": 1748450105,
        "currency": "eur",
        "default_source": null,
        "delinquent": false,
        "description": null,
        "discount": null,
        "email": "marc@example.com",
        "invoice_prefix": "CRYXAGF7",
        "invoice_settings": {
          "custom_fields": null,
          "default_payment_method": "pm_1RTmwjH1lINcoHaarIH6YWEf",
          "footer": null,
          "rendering_options": null
        },
        "livemode": false,
        "metadata": {},
        "name": "Marc Lefevre",
        "phone": null,
        "preferred_locales": [],
        "shipping": null,
        "tax_exempt": "none",
        "test_clock": null
      },
      "customer_address": null,
      "customer_email": "marc@example.com",
      "customer_name": "Marc Lefevre",
      "customer_phone": null,
      "customer_shipping": null,
      "customer_tax_exempt": "none",
      "customer_tax_ids": [],
      "default_payment_method": null,
      "default_source": null,
      "default_tax_rates": [],
      "description": null,
      "discounts": [],
      "due_date": null,
      "effective_at": 1748450119,
      "ending_balance": 0,
      "footer": null,
      "from_invoice": null,
      "hosted_invoice_url": "https://invoice.stripe.com/i/acct_1RTmfeH1lINcoHaa/test_YWNjdF8xUlRtZmVIMWxJTmNvSGFhLF9TT2E2d2tVdVFCNFdrYkZGSXBiMHp5R1NXQkFvUUxPLDEzOTAwMDI0MA0200vGyIVT2R?s=ap",
      "invoice_pdf": "https://pay.stripe.com/invoice/acct_1RTmfeH1lINcoHaa/test_YWNjdF8xUlRtZmVIMWxJTmNvSGFhLF9TT2E2d2tVdVFCNFdrYkZGSXBiMHp5R1NXQkFvUUxPLDEzOTAwMDI0MA0200vGyIVT2R/pdf?s=ap",
      "issuer": {
        "type": "self"
      },
      "last_finalization_error": null,
      "latest_revision": null,
      "lines": {
        "object": "list",
        "data": [
          {
            "id": "il_1RTmwlH1lINcoHaaB4keuajz",
            "object": "line_item",
            "amount": 1200,
            "currency": "eur",
            "description": "1 × Premium Plan (at €12.00 / month)",
            "discount_amounts": [],
            "discountable": true,
            "discounts": [],
            "invoice": "in_1RTmwlH1lINcoHaahLyXzWlr",
            "livemode": false,
            "metadata": {},
            "parent": {
              "invoice_item_details": null,
              "subscription_item_details": {
                "invoice_item": null,
                "proration": false,
                "proration_details": {
                  "credited_items": null
                },
                "subscription": "sub_1RTmwlH1lINcoHaahlNybnXp",
                "subscription_item": "si_SOa6YnIZlJzLzT"
              },
              "type": "subscription_item_details"
            },
            "period": {
              "end": 1751128518,
              "start": 1748450118
            },
            "pretax_credit_amounts": [],
            "pricing": {
              "price_details": {
                "price": "price_1RTmwZH1lINcoHaaAyfIKRKI",
                "product": "prod_SOa6bpvQORBghB"
              },
              "type": "price_details",
              "unit_amount_decimal": "1200"
            },
            "quantity": 1,
            "taxes": []
          }
        ],
        "has_more": false,
        "total_count": 1,
        "url": "/v1/invoices/in_1RTmwlH1lINcoHaahLyXzWlr/lines"
      },
      "livemode": false,
      "metadata": {},
      "next_payment_attempt": null,
      "number": "JFB9TOTG-0003",
      "on_behalf_of": null,
      "parent": {
        "quote_details": null,
        "subscription_details": {
          "metadata": {},
          "subscription": "sub_1RTmwlH1lINcoHaahlNybnXp"
        },
        "type": "subscription_details"
      },
      "payment_settings": {
        "default_mandate": null,
        "payment_method_options": null,
        "payment_method_types": null
      },
      "period_end": 1748450118,
      "period_start": 1748450118,
      "post_payment_credit_notes_amount": 0,
      "pre_payment_credit_notes_amount": 0,
      "receipt_number": null,
      "rendering": null,
      "shipping_cost": null,
      "shipping_details": null,
      "starting_balance": 0,
      "statement_descriptor": null,
      "status": "paid",
      "status_transitions": {
        "finalized_at": 1748450119,
        "marked_uncollectible_at": null,
        "paid_at": 1748450118,
        "voided_at": null
      },
      "subtotal": 1200,
      "subtotal_excluding_tax": 1200,
      "test_clock": null,
      "total": 1200,
      "total_discount_amounts": [],
      "total_excluding_tax": 1200,
      "total_pretax_credit_amounts": [],
      "total_taxes": [],
      "webhooks_delivered_at": 1748450119
    },
    {
      "id": "in_1RTmwgH1lINcoHaaz0bEqfRi",
      "object": "invoice",
      "account_country": "FR",
      "account_name": "Arthur_2",
      "account_tax_ids": null,
      "amount_due": 800,
      "amount_overpaid": 0,
      "amount_paid": 800,
      "amount_remaining": 0,
      "amount_shipping": 0,
      "application": null,
      "attempt_count": 1,
      "attempted": true,
      "auto_advance": false,
      "automatic_tax": {
        "disabled_reason": null,
        "enabled": false,
        "liability": null,
        "provider": null,
        "status": null
      },
      "automatically_finalizes_at": null,
      "billing_reason": "subscription_create",
      "collection_method": "charge_automatically",
      "created": 1748450114,
      "currency": "eur",
      "custom_fields": null,
      "customer": {
        "id": "cus_SOa6LLDPO9uZGq",
        "object": "customer",
        "address": null,
        "balance": 0,
        "created": 1748450105,
        "currency": "eur",
        "default_source": null,
        "delinquent": false,
        "description": null,
        "discount": null,
        "email": "alice@example.com",
        "invoice_prefix": "S5QJYII0",
        "invoice_settings": {
          "custom_fields": null,
          "default_payment_method": "pm_1RTmweH1lINcoHaahAwxvn5D",
          "footer": null,
          "rendering_options": null
        },
        "livemode": false,
        "metadata": {},
        "name": "Alice Moreau",
        "phone": null,
        "preferred_locales": [],
        "shipping": null,
        "tax_exempt": "none",
        "test_clock": null
      },
      "customer_address": null,
      "customer_email": "alice@example.com",
      "customer_name": "Alice Moreau",
      "customer_phone": null,
      "customer_shipping": null,
      "customer_tax_exempt": "none",
      "customer_tax_ids": [],
      "default_payment_method": null,
      "default_source": null,
      "default_tax_rates": [],
      "description": null,
      "discounts": [],
      "due_date": null,
      "effective_at": 1748450114,
      "ending_balance": 0,
      "footer": null,
      "from_invoice": null,
      "hosted_invoice_url": "https://invoice.stripe.com/i/acct_1RTmfeH1lINcoHaa/test_YWNjdF8xUlRtZmVIMWxJTmNvSGFhLF9TT2E2MmxTYUFRMTc4VFFQNllKUXdBNFdKVzZYZ1RLLDEzOTAwMDI0MA0200HgpYbStj?s=ap",
      "invoice_pdf": "https://pay.stripe.com/invoice/acct_1RTmfeH1lINcoHaa/test_YWNjdF8xUlRtZmVIMWxJTmNvSGFhLF9TT2E2MmxTYUFRMTc4VFFQNllKUXdBNFdKVzZYZ1RLLDEzOTAwMDI0MA0200HgpYbStj/pdf?s=ap",
      "issuer": {
        "type": "self"
      },
      "last_finalization_error": null,
      "latest_revision": null,
      "lines": {
        "object": "list",
        "data": [
          {
            "id": "il_1RTmwgH1lINcoHaaQnlDyUuC",
            "object": "line_item",
            "amount": 800,
            "currency": "eur",
            "description": "1 × Standard Plan (at €8.00 / month)",
            "discount_amounts": [],
            "discountable": true,
            "discounts": [],
            "invoice": "in_1RTmwgH1lINcoHaaz0bEqfRi",
            "livemode": false,
            "metadata": {},
            "parent": {
              "invoice_item_details": null,
              "subscription_item_details": {
                "invoice_item": null,
                "proration": false,
                "proration_details": {
                  "credited_items": null
                },
                "subscription": "sub_1RTmwgH1lINcoHaagnFg7pWu",
                "subscription_item": "si_SOa66qP9ItXcYw"
              },
              "type": "subscription_item_details"
            },
            "period": {
              "end": 1751128513,
              "start": 1748450113
            },
            "pretax_credit_amounts": [],
            "pricing": {
              "price_details": {
                "price": "price_1RTmwaH1lINcoHaaFzqwN0c8",
                "product": "prod_SOa6QdWj0J55jl"
              },
              "type": "price_details",
              "unit_amount_decimal": "800"
            },
            "quantity": 1,
            "taxes": []
          }
        ],
        "has_more": false,
        "total_count": 1,
        "url": "/v1/invoices/in_1RTmwgH1lINcoHaaz0bEqfRi/lines"
      },
      "livemode": false,
      "metadata": {},
      "next_payment_attempt": null,
      "number": "JFB9TOTG-0002",
      "on_behalf_of": null,
      "parent": {
        "quote_details": null,
        "subscription_details": {
          "metadata": {},
          "subscription": "sub_1RTmwgH1lINcoHaagnFg7pWu"
        },
        "type": "subscription_details"
      },
      "payment_settings": {
        "default_mandate": null,
        "payment_method_options": null,
        "payment_method_types": null
      },
      "period_end": 1748450113,
      "period_start": 1748450113,
      "post_payment_credit_notes_amount": 0,
      "pre_payment_credit_notes_amount": 0,
      "receipt_number": null,
      "rendering": null,
      "shipping_cost": null,
      "shipping_details": null,
      "starting_balance": 0,
      "statement_descriptor": null,
      "status": "paid",
      "status_transitions": {
        "finalized_at": 1748450114,
        "marked_uncollectible_at": null,
        "paid_at": 1748450113,
        "voided_at": null
      },
      "subtotal": 800,
      "subtotal_excluding_tax": 800,
      "test_clock": null,
      "total": 800,
      "total_discount_amounts": [],
      "total_excluding_tax": 800,
      "total_pretax_credit_amounts": [],
      "total_taxes": [],
      "webhooks_delivered_at": 1748450114
    },
    {
      "id": "in_1RTmwbH1lINcoHaaWUz8MY01",
      "object": "invoice",
      "account_country": "FR",
      "account_name": "Arthur_2",
      "account_tax_ids": null,
      "amount_due": 1200,
      "amount_overpaid": 0,
      "amount_paid": 1200,
      "amount_remaining": 0,
      "amount_shipping": 0,
      "application": null,
      "attempt_count": 1,
      "attempted": true,
      "auto_advance": false,
      "automatic_tax": {
        "disabled_reason": null,
        "enabled": false,
        "liability": null,
        "provider": null,
        "status": null
      },
      "automatically_finalizes_at": null,
      "billing_reason": "subscription_create",
      "collection_method": "charge_automatically",
      "created": 1748450109,
      "currency": "eur",
      "custom_fields": null,
      "customer": {
        "id": "cus_SOa6Ahx6rairaP",
        "object": "customer",
        "address": null,
        "balance": 0,
        "created": 1748450104,
        "currency": "eur",
        "default_source": null,
        "delinquent": false,
        "description": null,
        "discount": null,
        "email": "jean@example.com",
        "invoice_prefix": "6CMVGFKG",
        "invoice_settings": {
          "custom_fields": null,
          "default_payment_method": "pm_1RTmwaH1lINcoHaarIwpYE8d",
          "footer": null,
          "rendering_options": null
        },
        "livemode": false,
        "metadata": {},
        "name": "Jean Dupont",
        "phone": null,
        "preferred_locales": [],
        "shipping": null,
        "tax_exempt": "none",
        "test_clock": null
      },
      "customer_address": null,
      "customer_email": "jean@example.com",
      "customer_name": "Jean Dupont",
      "customer_phone": null,
      "customer_shipping": null,
      "customer_tax_exempt": "none",
      "customer_tax_ids": [],
      "default_payment_method": null,
      "default_source": null,
      "default_tax_rates": [],
      "description": null,
      "discounts": [],
      "due_date": null,
      "effective_at": 1748450109,
      "ending_balance": 0,
      "footer": null,
      "from_invoice": null,
      "hosted_invoice_url": "https://invoice.stripe.com/i/acct_1RTmfeH1lINcoHaa/test_YWNjdF8xUlRtZmVIMWxJTmNvSGFhLF9TT2E2RkxkeEVDRnJ0bjk0ckhJSVFZTmJhU0t0eVNQLDEzOTAwMDI0MA0200HDxg8eBO?s=ap",
      "invoice_pdf": "https://pay.stripe.com/invoice/acct_1RTmfeH1lINcoHaa/test_YWNjdF8xUlRtZmVIMWxJTmNvSGFhLF9TT2E2RkxkeEVDRnJ0bjk0ckhJSVFZTmJhU0t0eVNQLDEzOTAwMDI0MA0200HDxg8eBO/pdf?s=ap",
      "issuer": {
        "type": "self"
      },
      "last_finalization_error": null,
      "latest_revision": null,
      "lines": {
        "object": "list",
        "data": [
          {
            "id": "il_1RTmwbH1lINcoHaagxBkO7T0",
            "object": "line_item",
            "amount": 1200,
            "currency": "eur",
            "description": "1 × Premium Plan (at €12.00 / month)",
            "discount_amounts": [],
            "discountable": true,
            "discounts": [],
            "invoice": "in_1RTmwbH1lINcoHaaWUz8MY01",
            "livemode": false,
            "metadata": {},
            "parent": {
              "invoice_item_details": null,
              "subscription_item_details": {
                "invoice_item": null,
                "proration": false,
                "proration_details": {
                  "credited_items": null
                },
                "subscription": "sub_1RTmwbH1lINcoHaaBK5mfBYu",
                "subscription_item": "si_SOa61VnLUKJJN8"
              },
              "type": "subscription_item_details"
            },
            "period": {
              "end": 1751128509,
              "start": 1748450109
            },
            "pretax_credit_amounts": [],
            "pricing": {
              "price_details": {
                "price": "price_1RTmwZH1lINcoHaaAyfIKRKI",
                "product": "prod_SOa6bpvQORBghB"
              },
              "type": "price_details",
              "unit_amount_decimal": "1200"
            },
            "quantity": 1,
            "taxes": []
          }
        ],
        "has_more": false,
        "total_count": 1,
        "url": "/v1/invoices/in_1RTmwbH1lINcoHaaWUz8MY01/lines"
      },
      "livemode": false,
      "metadata": {},
      "next_payment_attempt": null,
      "number": "JFB9TOTG-0001",
      "on_behalf_of": null,
      "parent": {
        "quote_details": null,
        "subscription_details": {
          "metadata": {},
          "subscription": "sub_1RTmwbH1lINcoHaaBK5mfBYu"
        },
        "type": "subscription_details"
      },
      "payment_settings": {
        "default_mandate": null,
        "payment_method_options": null,
        "payment_method_types": null
      },
      "period_end": 1748450109,
      "period_start": 1748450109,
      "post_payment_credit_notes_amount": 0,
      "pre_payment_credit_notes_amount": 0,
      "receipt_number": null,
      "rendering": null,
      "shipping_cost": null,
      "shipping_details": null,
      "starting_balance": 0,
      "statement_descriptor": null,
      "status": "paid",
      "status_transitions": {
        "finalized_at": 1748450109,
        "marked_uncollectible_at": null,
        "paid_at": 1748450109,
        "voided_at": null
      },
      "subtotal": 1200,
      "subtotal_excluding_tax": 1200,
      "test_clock": null,
      "total": 1200,
      "total_discount_amounts": [],
      "total_excluding_tax": 1200,
      "total_pretax_credit_amounts": [],
      "total_taxes": [],
      "webhooks_delivered_at": 1748450109
    }
  ],
  "has_more": false,
  "url": "/v1/invoices"
}