{
  "object": "list",
  "data": [
    {
      "id": "pi_3RTmwlH1lINcoHaa0Bu718h5",
      "object": "payment_intent",
      "amount": 1200,
      "amount_capturable": 0,
      "amount_details": {
        "tip": {}
      },
      "amount_received": 1200,
      "application": null,
      "application_fee_amount": null,
      "automatic_payment_methods": null,
      "canceled_at": null,
      "cancellation_reason": null,
      "capture_method": "automatic",
      "client_secret": "pi_3RTmwlH1lINcoHaa0Bu718h5_secret_0OO7UnRHitoiYFEJbpXLiSUSe",
      "confirmation_method": "automatic",
      "created": 1748450119,
      "currency": "eur",
      "customer": "cus_SOa6bpMu879kKO",
      "description": "Subscription creation",
      "last_payment_error": null,
      "latest_charge": "ch_3RTmwlH1lINcoHaa0nW3eVWo",
      "livemode": false,
      "metadata": {},
      "next_action": null,
      "on_behalf_of": null,
      "payment_method": "pm_1RTmwjH1lINcoHaarIH6YWEf",
      "payment_method_configuration_details": null,
      "payment_method_options": {
        "card": {
          "installments": null,
          "mandate_options": null,
          "network": null,
          "request_three_d_secure": "automatic"
        },
        "link": {
          "persistent_token": null
        }
      },
      "payment_method_types": [
        "card",
        "link"
      ],
      "processing": null,
      "receipt_email": null,
      "review": null,
      "setup_future_usage": "off_session",
      "shipping": null,
      "source": null,
      "statement_descriptor": null,
      "statement_descriptor_suffix": null,
      "status": "succeeded",
      "transfer_data": null,
      "transfer_group": null
    },
    {
      "id": "pi_3RTmwgH1lINcoHaa1kdJJ2CX",
      "object": "payment_intent",
      "amount": 800,
      "amount_capturable": 0,
      "amount_details": {
        "tip": {}
      },
      "amount_received": 800,
      "application": null,
      "application_fee_amount": null,
      "automatic_payment_methods": null,
      "canceled_at": null,
      "cancellation_reason": null,
      "capture_method": "automatic",
      "client_secret": "pi_3RTmwgH1lINcoHaa1kdJJ2CX_secret_j0Ubjo3hdS5BDtHw7zy7ncNDY",
      "confirmation_method": "automatic",
      "created": 1748450114,
      "currency": "eur",
      "customer": "cus_SOa6LLDPO9uZGq",
      "description": "Subscription creation",
      "last_payment_error": null,
      "latest_charge": "ch_3RTmwgH1lINcoHaa1vgROEGa",
      "livemode": false,
      "metadata": {},
      "next_action": null,
      "on_behalf_of": null,
      "payment_method": "pm_1RTmweH1lINcoHaahAwxvn5D",
      "payment_method_configuration_details": null,
      "payment_method_options": {
        "card": {
          "installments": null,
          "mandate_options": null,
          "network": null,
          "request_three_d_secure": "automatic"
        },
        "link": {
          "persistent_token": null
        }
      },
      "payment_method_types": [
        "card",
        "link"
      ],
      "processing": null,
      "receipt_email": null,
      "review": null,
      "setup_future_usage": "off_session",
      "shipping": null,
      "source": null,
      "statement_descriptor": null,
      "statement_descriptor_suffix": null,
      "status": "succeeded",
      "transfer_data": null,
      "transfer_group": null
    },
    {
      "id": "pi_3RTmwcH1lINcoHaa1arlysKx",
      "object": "payment_intent",
      "amount": 1200,
      "amount_capturable": 0,
      "amount_details": {
        "tip": {}
      },
      "amount_received": 1200,
      "application": null,
      "application_fee_amount": null,
      "automatic_payment_methods": null,
      "canceled_at": null,
      "cancellation_reason": null,
      "capture_method": "automatic",
      "client_secret": "pi_3RTmwcH1lINcoHaa1arlysKx_secret_iCpPWoTvHJw2MVfbRgjo89ly5",
      "confirmation_method": "automatic",
      "created": 1748450110,
      "currency": "eur",
      "customer": "cus_SOa6Ahx6rairaP",
      "description": "Subscription creation",
      "last_payment_error": null,
      "latest_charge": "ch_3RTmwcH1lINcoHaa1CCM5Y6G",
      "livemode": false,
      "metadata": {},
      "next_action": null,
      "on_behalf_of": null,
      "payment_method": "pm_1RTmwaH1lINcoHaarIwpYE8d",
      "payment_method_configuration_details": null,
      "payment_method_options": {
        "card": {
          "installments": null,
          "mandate_options": null,
          "network": null,
          "request_three_d_secure": "automatic"
        },
        "link": {
          "persistent_token": null
        }
      },
      "payment_method_types": [
        "card",
        "link"
      ],
      "processing": null,
      "receipt_email": null,
      "review": null,
      "setup_future_usage": "off_session",
      "shipping": null,
      "source": null,
      "statement_descriptor": null,
      "statement_descriptor_suffix": null,
      "status": "succeeded",
      "transfer_data": null,
      "transfer_group": null
    }
  ],
  "has_more": false,
  "url": "/v1/payment_intents"
}