{
  "object": "list",
  "data": [
    {
      "id": "price_1RTmwaH1lINcoHaaFzqwN0c8",
      "object": "price",
      "active": true,
      "billing_scheme": "per_unit",
      "created": 1748450108,
      "currency": "eur",
      "custom_unit_amount": null,
      "livemode": false,
      "lookup_key": null,
      "metadata": {},
      "nickname": null,
      "product": {
        "id": "prod_SOa6QdWj0J55jl",
        "object": "product",
        "active": true,
        "attributes": [],
        "created": 1748450107,
        "default_price": null,
        "description": "Access to standard features",
        "images": [],
        "livemode": false,
        "marketing_features": [],
        "metadata": {
          "tag": "standard_plan"
        },
        "name": "Standard Plan",
        "package_dimensions": null,
        "shippable": null,
        "statement_descriptor": null,
        "tax_code": null,
        "type": "service",
        "unit_label": null,
        "updated": 1748450107,
        "url": null
      },
      "recurring": {
        "interval": "month",
        "interval_count": 1,
        "meter": null,
        "trial_period_days": null,
        "usage_type": "licensed"
      },
      "tax_behavior": "unspecified",
      "tiers_mode": null,
      "transform_quantity": null,
      "type": "recurring",
      "unit_amount": 800,
      "unit_amount_decimal": "800"
    },
    {
      "id": "price_1RTmwZH1lINcoHaaAyfIKRKI",
      "object": "price",
      "active": true,
      "billing_scheme": "per_unit",
      "created": 1748450107,
      "currency": "eur",
      "custom_unit_amount": null,
      "livemode": false,
      "lookup_key": null,
      "metadata": {},
      "nickname": null,
      "product": {
        "id": "prod_SOa6bpvQORBghB",
        "object": "product",
        "active": true,
        "attributes": [],
        "created": 1748450106,
        "default_price": null,
        "description": "Access to premium features",
        "images": [],
        "livemode": false,
        "marketing_features": [],
        "metadata": {
          "tag": "premium_plan"
        },
        "name": "Premium Plan",
        "package_dimensions": null,
        "shippable": null,
        "statement_descriptor": null,
        "tax_code": null,
        "type": "service",
        "unit_label": null,
        "updated": 1748450106,
        "url": null
      },
      "recurring": {
        "interval": "month",
        "interval_count": 1,
        "meter": null,
        "trial_period_days": null,
        "usage_type": "licensed"
      },
      "tax_behavior": "unspecified",
      "tiers_mode": null,
      "transform_quantity": null,
      "type": "recurring",
      "unit_amount": 1200,
      "unit_amount_decimal": "1200"
    }
  ],
  "has_more": false,
  "url": "/v1/prices"
}