{
  "object": "list",
  "data": [
    {
      "id": "prod_SOa6QdWj0J55jl",
      "object": "product",
      "active": true,
      "attributes": [],
      "created": 1748450107,
      "default_price": null,
      "description": "Access to standard features",
      "images": [],
      "livemode": false,
      "marketing_features": [],
      "metadata": {
        "tag": "standard_plan"
      },
      "name": "Standard Plan",
      "package_dimensions": null,
      "shippable": null,
      "statement_descriptor": null,
      "tax_code": null,
      "type": "service",
      "unit_label": null,
      "updated": 1748450107,
      "url": null
    },
    {
      "id": "prod_SOa6bpvQORBghB",
      "object": "product",
      "active": true,
      "attributes": [],
      "created": 1748450106,
      "default_price": null,
      "description": "Access to premium features",
      "images": [],
      "livemode": false,
      "marketing_features": [],
      "metadata": {
        "tag": "premium_plan"
      },
      "name": "Premium Plan",
      "package_dimensions": null,
      "shippable": null,
      "statement_descriptor": null,
      "tax_code": null,
      "type": "service",
      "unit_label": null,
      "updated": 1748450106,
      "url": null
    }
  ],
  "has_more": false,
  "url": "/v1/products"
}