{
  "object": "list",
  "data": [
    {
      "id": "pm_1RTmwjH1lINcoHaarIH6YWEf",
      "object": "payment_method",
      "allow_redisplay": "unspecified",
      "billing_details": {
        "address": {
          "city": null,
          "country": null,
          "line1": null,
          "line2": null,
          "postal_code": null,
          "state": null
        },
        "email": null,
        "name": null,
        "phone": null,
        "tax_id": null
      },
      "card": {
        "brand": "visa",
        "checks": {
          "address_line1_check": null,
          "address_postal_code_check": null,
          "cvc_check": "pass"
        },
        "country": "US",
        "display_brand": "visa",
        "exp_month": 5,
        "exp_year": 2026,
        "fingerprint": "w4fNTVifpD1bfYnV",
        "funding": "credit",
        "generated_from": null,
        "last4": "4242",
        "networks": {
          "available": [
            "visa"
          ],
          "preferred": null
        },
        "regulated_status": "unregulated",
        "three_d_secure_usage": {
          "supported": true
        },
        "wallet": null
      },
      "created": 1748450117,
      "customer": "cus_SOa6bpMu879kKO",
      "livemode": false,
      "metadata": {},
      "type": "card"
    }
  ],
  "has_more": false,
  "url": "/v1/payment_methods"
}